{
    "0": "Other(其他)",
    "1": "Professor(教授)",
    "2": "Researcher(研究员)",
    "3": "Associate Professor(副教授)",
    "4": "Assistant Professor(助理教授)",
    "5": "Professorate Senior Engineer(教授级高级工程师)",
    "6": "Engineer(工程师)",
    "7": "Lecturer(讲师)",
    "8": "Senior Engineer(高级工程师)",
    "9": "Ph.D(博士生)",
    "10": "Associate Researcher(副研究员)",
    "11": "Assistant Researcher(助理研究员)",
    "12": "Student(学生)"
}